id;dominio;dns;status
1;a2000.gov.br;;0
2;abc.gov.br;abc-gov-br.mail.protection.outlook.com;1
3;abcd.gov.br;abcd-gov-br.mail.protection.outlook.com,abcd-gov-br.mail.protection.outlook.com;1
4;abcnaidadecerta.gov.br;abcnaidadecerta-gov-br.mail.protection.outlook.com;1
5;abgf.gov.br;abgf-gov-br.mail.protection.outlook.com;1
6;abin.gov.br;mx01.abin.gov.br,mx02.abin.gov.br;1
7;abrasil.gov.br;smtp.abrasil.gov.br;1
8;ac-jus.gov.br;;0
9;ac.gov.br;mail.ac.gov.br;1
10;acesso.gov.br;;0
11;acessoainformacao.gov.br;;0
12;acessoinformacao.gov.br;;0
13;acjus.gov.br;;0
14;acraiz.gov.br;mx.acraiz.gov.br,mx.acraiz.gov.br;1
15;acre.gov.br;mail.acre.gov.br;1
16;acs.gov.br;;0
17;aeb.gov.br;aeb-gov-br.mail.protection.outlook.com;1
18;aerofacil.gov.br;;0
19;aeroportodebrasilia.gov.br;;0
20;aeroportodesalvador.gov.br;;0
21;aeroportoindustria.gov.br;;0
22;aeroportoindustrial.gov.br;;0
23;aeroshopping.gov.br;mail.infraero.gov.br;1
24;agenciabrasil.gov.br;smtp01.radiobras.gov.br;1
25;agenciacamara.gov.br;;0
26;agespacial.gov.br;;0
27;agricultura.gov.br;cluster1.us.messagelabs.com,cluster1a.us.messagelabs.com;1
28;agritempo.gov.br;;0
29;agro.gov.br;cluster1.us.messagelabs.com,cluster1a.us.messagelabs.com;1
30;agroecologia.gov.br;;0
31;agrolivre.gov.br;;0
32;agronet-pe.gov.br;;0
33;agu.gov.br;0f2532e9-ffe2-4f18-992f-bc109b59ed59.in.tmes.trendmicro.com;1
34;ahsul.gov.br;;0
35;aids.gov.br;smtp.aids.gov.br,ex-ed-01.aids.gov.br,ex-ed-02.aids.gov.br;1
36;al.gov.br;;0
37;aleam.gov.br;zimbra.aleam.gov.br,webmail.aleam.gov.br;1
38;alemg.gov.br;smtp.alemg.gov.br;1
39;almg.gov.br;smtp.almg.gov.br;1
40;almoxarifadovirtual.gov.br;;0
41;am.gov.br;;0
42;amapa.gov.br;aspmx.l.google.com,alt1.aspmx.l.google.com,alt2.aspmx.l.google.com,alt3.aspmx.l.google.com,alt4.aspmx.l.google.com;1
43;amazonasenergia.gov.br;;0
44;amazonfund-bndes.gov.br;;0
45;amazonfund.gov.br;amazonfund-gov-br.mail.protection.outlook.com;1
46;amazoniafund.gov.br;;0
47;amazoniafundo-bndes.gov.br;;0
48;amazoniafundo.gov.br;;0
49;amazonianfund-bndes.gov.br;;0
50;amazonianfund.gov.br;;0
51;amazul.gov.br;mx1.amazul.gov.br,mx3.amazul.gov.br,mx4.amazul.gov.br;1
52;an.gov.br;an-gov-br.mail.protection.outlook.com;1
53;ana.gov.br;ana.in.tmes.trendmicro.com;1
54;anac.gov.br;anac-gov-br.mail.protection.outlook.com;1
55;anapost.gov.br;;0
56;anatel.gov.br;anatel-gov-br.in.tmes.trendmicro.com;1
57;ancine.gov.br;ancine-gov-br.mail.protection.outlook.com;1
58;aneel.gov.br;agent.aneel.gov.br,master.aneel.gov.br,coulomb.aneel.gov.br,mailsrv.aneel.gov.br;1
59;anm.gov.br;anm-gov-br.mail.protection.outlook.com;1
60;anp.gov.br;anp-gov-br.mail.protection.outlook.com;1
61;anpd.gov.br;anpd-gov-br.mail.protection.outlook.com;1
62;ans.gov.br;ans-gov-br.mail.protection.outlook.com;1
63;antaq.gov.br;antaq.in.tmes.trendmicro.com;1
64;antt.gov.br;antt-gov-br.mail.protection.outlook.com;1
65;anvisa.gov.br;cluster1.us.messagelabs.com,cluster1a.us.messagelabs.com;1
66;ap.gov.br;antispam.ap.gov.br;1
67;api.gov.br;;0
68;apostasurpresa.gov.br;;0
69;app.gov.br;protection.serpro.gov.br;1
70;aprendendoaexportar.gov.br;;0
71;arquitetura.gov.br;;0
72;arquivonacional.gov.br;arquivonacional-gov-br.mail.protection.outlook.com;1
73;artesanatobrasileiro.gov.br;relay.mdic.gov.br,smtp2.mdic.gov.br;1
74;auxiliobrasil.gov.br;;0
75;avancabrasil.gov.br;;0
76;avancar.gov.br;;0
77;avancarparcerias.gov.br;;0
78;avasus.gov.br;;0
79;avisabr.gov.br;;0
80;avozdobrasil.gov.br;smtp01.radiobras.gov.br,smtp02.radiobras.gov.br;1
81;ba.gov.br;ba-gov-br.mail.protection.outlook.com;1
82;bacen.gov.br;;0
83;badesc.gov.br;badesc-gov-br.mail.protection.outlook.com;1
84;bancocentral.gov.br;;0
85;bancodeconteudos.gov.br;;0
86;bancodeoportunidades.gov.br;;0
87;bancodonordeste.gov.br;d001smt14.bnb.gov.br,d001smt15.bnb.gov.br;1
88;banconordeste.gov.br;;0
89;bc.gov.br;;0
90;bcb.gov.br;bcb-gov-br.mail.protection.outlook.com;1
91;bcc.gov.br;;0
92;bdjur.gov.br;;0
93;belomonte.gov.br;;0
94;bid2002brasil.gov.br;;0
95;biodiversidade.gov.br;mailscan-in.serpro.gov.br;1
96;bioform.gov.br;;0
97;bn.gov.br;mail.bn.gov.br,bn-gov-br.mail.protection.outlook.com,correio.bn.gov.br;1
98;bnb.gov.br;bnb-gov-br.mail.protection.outlook.com;1
99;bnde.gov.br;;0
100;bndes.gov.br;bndes-gov-br.mail.protection.outlook.com;1
101;bndespar.gov.br;;0
102;bnds.gov.br;;0
103;boavistaenergia.gov.br;;0
104;bolaofederal.gov.br;;0
105;bolsadacaixa.gov.br;;0
106;br.gov.br;;0
107;brasil-rounds.gov.br;;0
108;brasil.gov.br;esa01.presidencia.gov.br,esa02.presidencia.gov.br;1
109;brasil2016.gov.br;;0
110;brasilcentral.gov.br;smtp053.gdfnet.df.gov.br,smtp054.gdfnet.df.gov.br,smtp051.gdfnet.df.gov.br;1
111;brasilcultura.gov.br;;0
112;brasildigital.gov.br;;0
113;brasileficiente.gov.br;alpha.planalto.gov.br;1
114;brasilexport.gov.br;;0
115;brasilglobalnet.gov.br;mailmx.abc.gov.br;1
116;brasilre.gov.br;caxias.irbbrasilre.com,tijuca.irbbrasilre.com;1
117;brasilsaudavelesustentavel.gov.br;smtp-serpro01.mds.gov.br,smtp-serpro02.mds.gov.br;1
118;brasilsemiseria.gov.br;;0
119;brasilsemmiseria.gov.br;;0
120;brasiltradenet.gov.br;;0
121;brasiltransparente.gov.br;;0
122;brazil-rounds.gov.br;;0
123;brazil.gov.br;;0
124;brazilexport.gov.br;;0
125;brazilglobalnet.gov.br;;0
126;brazilgovnews.gov.br;;0
127;brazilrounds.gov.br;;0
128;braziltradenet.gov.br;;0
129;btig.gov.br;;0
130;btn.gov.br;;0
131;businessbrasil.gov.br;;0
132;businessbrazil.gov.br;;0
133;butantan.gov.br;aspmx.l.google.com,alt1.aspmx.l.google.com,alt2.aspmx.l.google.com,aspmx2.googlemail.com,aspmx3.googlemail.com;1
134;bvenergia.gov.br;;0
135;c-brasil.gov.br;mailscan-in.serpro.gov.br;1
136;c-brazil.gov.br;;0
137;cadastrominhacasaminhavida.gov.br;;0
138;cadastrorural.gov.br;;0
139;cade.gov.br;cade-gov-br.mail.protection.outlook.com;1
140;cadicon.gov.br;;0
141;caged.gov.br;;0
142;caisan.gov.br;smtp-serpro01.mds.gov.br,smtp-serpro02.mds.gov.br;1
143;caixa.gov.br;caixa-gov-br.mail.protection.outlook.com;1
144;caixaaqui.gov.br;;0
145;caixacultural.gov.br;;0
146;caixadasorte.gov.br;;0
147;caixadotesouro.gov.br;;0
148;caixaeconomica.gov.br;;0
149;caixaeconomicafederal.gov.br;;0
150;caixaforte.gov.br;;0
151;caixainvest.gov.br;;0
152;caixainveste.gov.br;;0
153;caixamaisqueumbanco.gov.br;;0
154;caixamasterpass.gov.br;;0
155;caixaoperadoradeseguros.gov.br;;0
156;caixapostal.gov.br;;0
157;caixaqui.gov.br;;0
158;caixaresolve.gov.br;;0
159;caixaseguridade.gov.br;;0
160;caixavirtual.gov.br;;0
161;camara.gov.br;souzinha1.camara.gov.br,souzinha2.camara.gov.br,souzinha3.camara.gov.br;1
162;camaradosdeputados.gov.br;;0
163;camex.gov.br;relay.mdic.gov.br,smtp2.mdic.gov.br;1
164;caminhaodasorte.gov.br;;0
165;caminhaofederal.gov.br;;0
166;cancer.gov.br;;0
167;capacidades.gov.br;;0
168;capes.gov.br;capes-gov-br.mail.protection.outlook.com;1
169;capitalderisco.gov.br;mx.capitalderisco.gov.br;1
170;capoeira.gov.br;;0
171;car.gov.br;;0
172;carrocampeao.gov.br;;0
173;cartaobndes.gov.br;;0
174;cartelafederal.gov.br;;0
175;casacivil.gov.br;esa01.presidencia.gov.br,esa02.presidencia.gov.br;1
176;casadamoeda.gov.br;casadamoeda-gov-br.mail.protection.outlook.com;1
177;casamilitar.gov.br;esa01.presidencia.gov.br,esa02.presidencia.gov.br;1
178;casaruibarbosa.gov.br;mail.casaruibarbosa.gov.br;1
179;casemg.gov.br;;0
180;catir.gov.br;;0
181;cauac.gov.br;cauac-gov-br.mail.protection.outlook.com;1
182;caual.gov.br;caual-gov-br.mail.protection.outlook.com;1
183;cauam.gov.br;cauam-gov-br.mail.protection.outlook.com;1
184;cauap.gov.br;cauap-gov-br.mail.protection.outlook.com;1
185;cauba.gov.br;cauba-gov-br.mail.protection.outlook.com;1
186;caubr.gov.br;caubr-gov-br.mail.protection.outlook.com;1
187;cauce.gov.br;cauce-gov-br.mail.protection.outlook.com;1
188;caudf.gov.br;caudf-gov-br.mail.protection.outlook.com;1
189;caues.gov.br;caues-gov-br.mail.protection.outlook.com;1
190;caugo.gov.br;caugo-gov-br.mail.protection.outlook.com;1
191;cauma.gov.br;cauma-gov-br.mail.protection.outlook.com;1
192;caumg.gov.br;caumg-gov-br.mail.protection.outlook.com;1
193;caums.gov.br;caums-gov-br.mail.protection.outlook.com;1
194;caumt.gov.br;caumt-gov-br.mail.protection.outlook.com;1
195;caupa.gov.br;caupa-gov-br.mail.protection.outlook.com;1
196;caupb.gov.br;caupb-gov-br.mail.protection.outlook.com;1
197;caupe.gov.br;caupe-gov-br.mail.protection.outlook.com;1
198;caupi.gov.br;caupi-gov-br.mail.protection.outlook.com;1
199;caupr.gov.br;caupr-gov-br.mail.protection.outlook.com,ms32310411.msv1.invalid;1
200;caurj.gov.br;caurj-gov-br.mail.protection.outlook.com;1
201;caurn.gov.br;caurn-gov-br.mail.protection.outlook.com;1
202;cauro.gov.br;cauro-gov-br.mail.protection.outlook.com;1
203;caurr.gov.br;caurr-gov-br.mail.protection.outlook.com;1
204;caurs.gov.br;caurs-gov-br.mail.protection.outlook.com;1
205;causc.gov.br;causc-gov-br.mail.protection.outlook.com;1
206;cause.gov.br;cause-gov-br.mail.protection.outlook.com;1
207;causp.gov.br;causp-gov-br.mail.protection.outlook.com;1
208;cauto.gov.br;cauto-gov-br.mail.protection.outlook.com;1
209;cbee.gov.br;;0
210;cbh.gov.br;sucuri.snisb.gov.br,bonito.snisb.gov.br;1
211;cbnb.gov.br;mx.b.locaweb.com.br,mx.a.locaweb.com.br,mx.jk.locaweb.com.br;1
212;cbtu-natal.gov.br;;0
213;cbtu-sturec.gov.br;;0
214;cbtu.gov.br;pop.cbtu.gov.br,pop2.cbtu.gov.br;1
215;cbtujp.gov.br;;0
216;cbtumetrorec.gov.br;;0
217;ccom.gov.br;;0
218;cd.gov.br;;0
219;cdes.gov.br;;0
220;cdess.gov.br;;0
221;ce.gov.br;;0
222;ceagesp.gov.br;ceagesp-gov-br.mail.protection.outlook.com;1
223;ceara.gov.br;mx1.casacivil.ce.gov.br,mx2.casacivil.ce.gov.br;1
224;ceasa.gov.br;;0
225;cef.gov.br;hercules1.cef.gov.br;1
226;cefetbg.gov.br;;0
227;ceitec.gov.br;mail.ceitec.gov.br;1
228;celepar.gov.br;smtp01.pr.gov.br,smtp02.pr.gov.br,smtp03.pr.gov.br,smtp04.pr.gov.br,smtp05.pr.gov.br;1
229;cemaden.gov.br;mail.cemaden.gov.br;1
230;cemave.gov.br;mailscan-in.serpro.gov.br;1
231;cenp.gov.br;mail.cenp.gov.br;1
232;cenpra.gov.br;;0
233;censo.gov.br;;0
234;censo2000.gov.br;;0
235;centelha.gov.br;;0
236;centrodememoriabndes.gov.br;;0
237;cepesc.gov.br;mx01.abin.gov.br,mx02.abin.gov.br;1
238;ceplac.gov.br;;0
239;certics.gov.br;teresopolis.cti.gov.br;1
240;cetem.gov.br;mail.cetem.gov.br;1
241;cetene.gov.br;aspmx.l.google.com,alt1.aspmx.l.google.com,alt2.aspmx.l.google.com,alt3.aspmx.l.google.com,alt4.aspmx.l.google.com;1
242;ceturb.gov.br;;0
243;cfa.gov.br;;0
244;cfbio.gov.br;aspmx.l.google.com,alt1.aspmx.l.google.com,alt2.aspmx.l.google.com,alt3.aspmx.l.google.com,alt4.aspmx.l.google.com;1
245;cfbm.gov.br;mx.core.locaweb.com.br,mx.a.locaweb.com.br,mx.b.locaweb.com.br,mx.jk.locaweb.com.br;1
246;cfmv.gov.br;mx.cfmv.gov.br,mx2.cfmv.gov.br;1
247;cft.gov.br;mx.uhserver.com;1
248;cgna.gov.br;mx.cgna.gov.br;1
249;cgtee.gov.br;;0
250;cgteletrosul.gov.br;mxa-007a2802.gslb.pphosted.com,mxb-007a2802.gslb.pphosted.com;1
251;cgu.gov.br;cgu-gov-br.mail.protection.outlook.com;1
252;chequeazul.gov.br;;0
253;chesf.gov.br;mxa-007a2802.gslb.pphosted.com,mxb-007a2802.gslb.pphosted.com;1
254;chicomendes.gov.br;mailscan-in.serpro.gov.br;1
255;ci-brasil.gov.br;aspmx.l.google.com,alt1.aspmx.l.google.com,alt2.aspmx.l.google.com,aspmx2.googlemail.com,aspmx3.googlemail.com,aspmx4.googlemail.com,aspmx5.googlemail.com;1
256;ciasc.gov.br;aspmx.l.google.com,alt1.aspmx.l.google.com,alt2.aspmx.l.google.com,aspmx2.googlemail.com,aspmx3.googlemail.com;1
257;cidadania.gov.br;cidadania-gov-br.mail.protection.outlook.com;1
258;cidadaniafinanceira.gov.br;mail1.bcb.gov.br,mail2.bcb.gov.br,mail3.bcb.gov.br;1
259;cidades.gov.br;funasa.in.tmes.trendmicro.com;1
260;cidadesdigitais.gov.br;;0
261;ciencianaescola.gov.br;;0
262;cienciasemfronteiras.gov.br;;0
263;cienciasus.gov.br;mail.cienciasus.gov.br;1
264;ciscea.gov.br;tora.ciscea.gov.br,tora2.ciscea.gov.br,antispam.ciscea.gov.br,antispam2.ciscea.gov.br;1
265;cjf.gov.br;;0
266;cmb.gov.br;cmb-gov-br.mail.protection.outlook.com;1
267;cmrj.gov.br;;0
268;cnen.gov.br;cnen-gov-br.mail.protection.outlook.com;1
269;cnenpc.gov.br;;0
270;cnfcp.gov.br;cnfcp-gov-br.mail.protection.outlook.com;1
271;cnis.gov.br;;0
272;cnj.gov.br;;0
273;cnmp.gov.br;;0
274;cnv.gov.br;;0
275;coaf.gov.br;coaf-gov-br.mail.protection.outlook.com;1
276;codeba.gov.br;mx.core.locaweb.com.br,mx.a.locaweb.com.br,mx.b.locaweb.com.br,mx.jk.locaweb.com.br;1
277;codern.gov.br;;0
278;codesa.gov.br;codesa-gov-br.mail.protection.outlook.com;1
279;codesp.gov.br;;0
280;codevasf.gov.br;smtp.codevasf.gov.br,smtp2.codevasf.gov.br;1
281;codomar.gov.br;;0
282;coegv.gov.br;;0
283;cofeci.gov.br;aspmx.l.google.com,alt1.aspmx.l.google.com,alt2.aspmx.l.google.com,alt3.aspmx.l.google.com,alt4.aspmx.l.google.com;1
284;cofecon.gov.br;mail.cofecon.gov.br;1
285;cofen.gov.br;cofen-gov-br.mail.protection.outlook.com;1
286;coffito.gov.br;mx.core.locaweb.com.br,mx.a.locaweb.com.br,mx.b.locaweb.com.br,mx.jk.locaweb.com.br;1
287;colab.gov.br;;0
288;colabora.gov.br;;0
289;colaboragov.gov.br;mte-mx03.mlicloud.com,mte-mx04.mlicloud.com,dc02-economia-mx01.mlicloud.com,dc02-economia-mx02.mlicloud.com;1
290;coletapilotocnae.gov.br;;0
291;combateafome.gov.br;;0
292;comercioeinvestimento.gov.br;;0
293;comex.gov.br;;0
294;comexresponde.gov.br;;0
295;compras.gov.br;;0
296;comprasagriculturafamiliar.gov.br;smtp-serpro.mds.gov.br;1
297;comprasgovernamentais.gov.br;relay01.planejamento.gov.br,relay02.planejamento.gov.br;1
298;comprasnet.gov.br;;0
299;compraspublicasbrasil.gov.br;;0
300;computadoresparainclusao.gov.br;;0
301;computadorparaprofessores.gov.br;;0
302;computadorparatodos.gov.br;;0
303;comunicacaosocial.gov.br;;0
304;conab.gov.br;mailin.conab.gov.br;1
305;conarq.gov.br;;0
306;conasp.gov.br;;0
307;concar.gov.br;concar-gov-br.mail.protection.outlook.com;1
308;conecta.gov.br;;0
309;congresso.gov.br;;0
310;conitec.gov.br;mx1.saude.gov.br,mx2.saude.gov.br,mx4.saude.gov.br,mx5.saude.gov.br;1
311;consegi.gov.br;;0
312;consorcioamazonialegal.gov.br;;0
313;consorciobdjur.gov.br;;0
314;consorciociga.gov.br;consorciociga-gov-br.mail.protection.outlook.com;1
315;consorcionordeste.gov.br;consorcionordeste-gov-br.mail.protection.outlook.com;1
316;construcard.gov.br;;0
317;consultaprotocolo.gov.br;;0
318;consumidor.gov.br;consumidor-gov-br.mail.protection.outlook.com,maine.mj.gov.br,piaget.mj.gov.br;1
319;contaspublicas.gov.br;;0
320;conter.gov.br;mx1.titan.email,mx2.titan.email;1
321;convenios.gov.br;;0
322;convensi.gov.br;mx.b.locaweb.com.br,mx.core.locaweb.com.br,mx.a.locaweb.com.br,mx.jk.locaweb.com.br;1
323;copatransparente.gov.br;;0
324;corecongo.gov.br;mail.corecongo.gov.br;1
325;coreconpe.gov.br;mail.coreconpe.gov.br;1
326;coreconpr.gov.br;mx.core.locaweb.com.br,mx.a.locaweb.com.br,mx.b.locaweb.com.br,mx.jk.locaweb.com.br;1
327;coreconrr.gov.br;;0
328;coreconsp.gov.br;mail.coreconsp.gov.br;1
329;coredopiaui.gov.br;;0
330;coren-ap.gov.br;coren-ap.gov.br;1
331;coren-ba.gov.br;alt3.aspmx.l.google.com;1
332;coren-df.gov.br;mx-br.spfbl.net,praetoriae.bktech.com.br,hill55.bktech.com.br,mx-us.spfbl.net;1
333;coren-mg.gov.br;mx.coren-mg.gov.br;1
334;coren-mt.gov.br;mx.core.locaweb.com.br,mx.a.locaweb.com.br,mx.b.locaweb.com.br,mx.jk.locaweb.com.br;1
335;coren-pb.gov.br;;0
336;coren-pe.gov.br;mail.coren-pe.gov.br;1
337;coren-rj.gov.br;;0
338;coren-se.gov.br;protection.serpro.gov.br;1
339;coren-sp.gov.br;corensp-gov-br01c.mail.protection.outlook.com;1
340;corenac.gov.br;;0
341;corenam.gov.br;aspmx.l.google.com,alt1.aspmx.l.google.com,alt2.aspmx.l.google.com,alt3.aspmx.l.google.com,alt4.aspmx.l.google.com;1
342;corenma.gov.br;mx.uhserver.com;1
343;corenmg.gov.br;smtp.corenmg.gov.br,smtp.corenmg.gov.br,smtp.corenmg.gov.br,smtp.corenmg.gov.br;1
344;corenms.gov.br;aspmx2.googlemail.com;1
345;corenpb.gov.br;200.234.222.116;1
346;corenpr.gov.br;aspmx.l.google.com,alt1.aspmx.l.google.com,alt2.aspmx.l.google.com,alt3.aspmx.l.google.com,alt4.aspmx.l.google.com;1
347;corenrj.gov.br;;0
348;corensc.gov.br;mail.corensc.gov.br;1
349;corensp.gov.br;mail.corensp.gov.br,ec2-54-232-52-172.sa-east-1.compute.amazonaws.com;1
350;corregedorias.gov.br;;0
351;correio.gov.br;;0
352;correios-ce.gov.br;;0
353;correios.gov.br;;0
354;cortesmercosul.gov.br;;0
355;cortesmercosur.gov.br;;0
356;cp2.gov.br;cp2.gov.br,108303612.mail.outlook.com;1
357;cprm.gov.br;aspmx.l.google.com,alt1.aspmx.l.google.com,alt2.aspmx.l.google.com,alt3.aspmx.l.google.com,alt4.aspmx.l.google.com;1
358;cra-amrr.gov.br;;0
359;cra-pr.gov.br;aspmx.l.google.com,alt1.aspmx.l.google.com,alt2.aspmx.l.google.com,aspmx2.googlemail.com,aspmx3.googlemail.com;1
360;crasp.gov.br;aspmx.l.google.com,alt1.aspmx.l.google.com,alt2.aspmx.l.google.com,alt3.aspmx.l.google.com,alt4.aspmx.l.google.com;1
361;crbio-02.gov.br;plesk03.dc.grupogmaes.com;1
362;crbio-03.gov.br;;0
363;crbio-3.gov.br;;0
364;crbio-4.gov.br;mx.b.locaweb.com.br,mx.core.locaweb.com.br,mx.a.locaweb.com.br,mx.jk.locaweb.com.br;1
365;crbio-7.gov.br;aspmx.l.google.com,alt1.aspmx.l.google.com,alt2.aspmx.l.google.com,alt3.aspmx.l.google.com,alt4.aspmx.l.google.com;1
366;crbio-pr.gov.br;wg9.webgenium.com.br;1
367;crbio-rs.gov.br;;0
368;crbio-sc.gov.br;;0
369;crbio01.gov.br;mail.crbio01.gov.br,mail2.crbio01.gov.br;1
370;crbio02.gov.br;cpanel01.dc.grupogmaes.com;1
371;crbio03.gov.br;crbio03-gov-br.mail.protection.outlook.com;1
372;crbio04.gov.br;aspmx.l.google.com,alt1.aspmx.l.google.com,alt2.aspmx.l.google.com,alt3.aspmx.l.google.com,alt4.aspmx.l.google.com,aspmx2.googlemail.com,aspmx3.googlemail.com,aspmx4.googlemail.com,aspmx5.googlemail.com;1
373;crbio05.gov.br;mx.core.locaweb.com.br,mx.a.locaweb.com.br,mx.b.locaweb.com.br,mx.jk.locaweb.com.br;1
374;crbio06.gov.br;mx-vip-01.kinghost.net,mx-vip-02.kinghost.net;1
375;crbio07.gov.br;aspmx.l.google.com,alt1.aspmx.l.google.com,alt2.aspmx.l.google.com,alt3.aspmx.l.google.com,alt4.aspmx.l.google.com;1
376;crbio08.gov.br;mx.uhserver.com;1
377;crbio2.gov.br;mx-vip-01.kinghost.net,mx-vip-02.kinghost.net;1
378;crbio3.gov.br;;0
379;crbio5.gov.br;;0
380;crbio7.gov.br;wg9.webgenium.com.br;1
381;crbio8.gov.br;crbio8.gov.br;1
382;crbiopr.gov.br;wg9.webgenium.com.br;1
383;crbm1.gov.br;mx-vip-01.kinghost.net,mx-vip-02.kinghost.net;1
384;crbm2.gov.br;crbm2-gov-br.mail.protection.outlook.com;1
385;crbm3.gov.br;aspmx.l.google.com,alt1.aspmx.l.google.com,alt2.aspmx.l.google.com,alt3.aspmx.l.google.com,alt4.aspmx.l.google.com;1
386;crbm5.gov.br;mx-vip-01.kinghost.net,mx-vip-02.kinghost.net;1
387;crbm6.gov.br;mail.crbm6.gov.br;1
388;crcn.gov.br;;0
389;crea-ro.gov.br;;0
390;crearo.gov.br;;0
391;creci-al.gov.br;aspmx.l.google.com,alt1.aspmx.l.google.com,alt2.aspmx.l.google.com,alt3.aspmx.l.google.com,alt4.aspmx.l.google.com;1
392;creci-am.gov.br;aspmx.l.google.com,alt1.aspmx.l.google.com,alt2.aspmx.l.google.com,alt3.aspmx.l.google.com,alt4.aspmx.l.google.com;1
393;creci-ce.gov.br;aspmx.l.google.com,alt1.aspmx.l.google.com,alt2.aspmx.l.google.com,alt3.aspmx.l.google.com,alt4.aspmx.l.google.com;1
394;creci-es.gov.br;;0
395;creci-mt.gov.br;mx-vip-01.kinghost.net,mx-vip-02.kinghost.net;1
396;creci-pa.gov.br;aspmx.l.google.com,alt1.aspmx.l.google.com,alt2.aspmx.l.google.com,alt3.aspmx.l.google.com,alt4.aspmx.l.google.com;1
397;creci-pb.gov.br;aspmx.l.google.com,alt1.aspmx.l.google.com,alt2.aspmx.l.google.com,aspmx2.googlemail.com,aspmx3.googlemail.com,aspmx4.googlemail.com,aspmx5.googlemail.com;1
398;creci-pe.gov.br;aspmx.l.google.com,alt1.aspmx.l.google.com,alt2.aspmx.l.google.com,alt3.aspmx.l.google.com,alt4.aspmx.l.google.com;1
399;creci-pr.gov.br;matheus.garlix.com.br;1
400;creci-rj.gov.br;mx.core.locaweb.com.br,mx.a.locaweb.com.br,mx.b.locaweb.com.br,mx.jk.locaweb.com.br;1
401;creci-rn.gov.br;aspmx.l.google.com,alt1.aspmx.l.google.com,alt2.aspmx.l.google.com,alt3.aspmx.l.google.com,alt4.aspmx.l.google.com;1
402;creci-rs.gov.br;mxcreci.lk6.com.br;1
403;creci-sc.gov.br;barracuda.penso.com.br;1
404;creci-se.gov.br;;0
405;creci-sp.gov.br;aspmx.l.google.com,alt1.aspmx.l.google.com,alt2.aspmx.l.google.com,alt3.aspmx.l.google.com,alt4.aspmx.l.google.com;1
406;creciac.gov.br;creciac.gov.br;1
407;creciba.gov.br;mx.a.locaweb.com.br,mx.b.locaweb.com.br,mx.jk.locaweb.com.br;1
408;crecidf.gov.br;aspmx.l.google.com,alt1.aspmx.l.google.com,alt2.aspmx.l.google.com,alt3.aspmx.l.google.com,alt4.aspmx.l.google.com;1
409;crecies.gov.br;aspmx.l.google.com,alt1.aspmx.l.google.com,alt2.aspmx.l.google.com,alt3.aspmx.l.google.com,alt4.aspmx.l.google.com;1
410;crecigo.gov.br;aspmx.l.google.com,alt1.aspmx.l.google.com,alt2.aspmx.l.google.com,alt3.aspmx.l.google.com,alt4.aspmx.l.google.com;1
411;crecima.gov.br;mail.crecima.gov.br;1
412;crecimg.gov.br;aspmx.l.google.com,alt1.aspmx.l.google.com,alt2.aspmx.l.google.com,alt3.aspmx.l.google.com,alt4.aspmx.l.google.com;1
413;crecims.gov.br;aspmx.l.google.com,alt1.aspmx.l.google.com,alt2.aspmx.l.google.com,alt3.aspmx.l.google.com,alt4.aspmx.l.google.com;1
414;crecimt.gov.br;aspmx.l.google.com,alt1.aspmx.l.google.com,alt2.aspmx.l.google.com,alt3.aspmx.l.google.com,alt4.aspmx.l.google.com;1
415;crecipe.gov.br;aspmx.l.google.com,alt1.aspmx.l.google.com,alt2.aspmx.l.google.com,alt3.aspmx.l.google.com,alt4.aspmx.l.google.com;1
416;crecipr.gov.br;mail.crecipr.gov.br,mail2.crecipr.gov.br;1
417;crecirn.gov.br;aspmx.l.google.com,alt1.aspmx.l.google.com,alt2.aspmx.l.google.com,alt3.aspmx.l.google.com,alt4.aspmx.l.google.com;1
418;creciro.gov.br;aspmx.l.google.com,alt1.aspmx.l.google.com,alt2.aspmx.l.google.com,alt3.aspmx.l.google.com,alt4.aspmx.l.google.com;1
419;crecise.gov.br;aspmx.l.google.com,alt1.aspmx.l.google.com,alt2.aspmx.l.google.com,alt3.aspmx.l.google.com,alt4.aspmx.l.google.com;1
420;crecisp.gov.br;aspmx.l.google.com,alt1.aspmx.l.google.com,alt2.aspmx.l.google.com,alt3.aspmx.l.google.com,alt4.aspmx.l.google.com;1
421;crecito.gov.br;mail.crecito.gov.br;1
422;crediamigo.gov.br;;0
423;creditoruralcaixa.gov.br;;0
424;cref-sp.gov.br;cref-sp.gov.br;1
425;cref4-sp.gov.br;cref4-sp.gov.br;1
426;cref4.gov.br;cref4.gov.br;1
427;cref4sp.gov.br;cref4sp.gov.br;1
428;crefito-sp.gov.br;aspmx.l.google.com,alt1.aspmx.l.google.com,alt2.aspmx.l.google.com,aspmx2.googlemail.com,aspmx3.googlemail.com,aspmx4.googlemail.com,aspmx5.googlemail.com;1
429;crefito.gov.br;;0
430;crefito11.gov.br;mx.core.locaweb.com.br,mx.a.locaweb.com.br,mx.b.locaweb.com.br,mx.jk.locaweb.com.br;1
431;crefito16.gov.br;mx.a.locaweb.com.br,mx.b.locaweb.com.br,mx.jk.locaweb.com.br;1
432;crefito2.gov.br;mx.b.locaweb.com.br,mx.core.locaweb.com.br,mx.a.locaweb.com.br,mx.jk.locaweb.com.br;1
433;crefito4.gov.br;crefito4.gov.br;1
434;crefito7.gov.br;mail.crefito7.gov.br;1
435;crefito8.gov.br;crefito8-gov-br.mail.protection.outlook.com,antigo.mx.a.locaweb.com.br,antigo.mx.b.locaweb.com.br,antigo.mx.jk.locaweb.com.br,ms94649695.msv1.invalid;1
436;crefitosp.gov.br;;0
437;crefono1.gov.br;mx.core.locaweb.com.br,mx.a.locaweb.com.br,mx.b.locaweb.com.br,mx.jk.locaweb.com.br;1
438;crefono8.gov.br;hl06mta1.argohost.net,hl06mta2.argohost.net,hl06mta3.argohost.net;1
439;crefsp.gov.br;h01r16.llevon.com.br;1
440;cremesp.gov.br;mx.cremesp.gov.br;1
441;crescenordeste.gov.br;;0
442;cress-sc.gov.br;mx.core.locaweb.com.br,mx.a.locaweb.com.br,mx.b.locaweb.com.br,mx.jk.locaweb.com.br;1
443;crfa1.gov.br;;0
444;crfsc.gov.br;crfsc.gov.br;1
445;crm-rj.gov.br;aspmx.l.google.com,alt1.aspmx.l.google.com,alt2.aspmx.l.google.com,alt3.aspmx.l.google.com,alt4.aspmx.l.google.com;1
446;crm.gov.br;crm-gov-br.mail.protection.outlook.com;1
447;crmrj.gov.br;;0
448;crmvmg.gov.br;mx.spamexperts.com,fallbackmx.spamexperts.eu,lastmx.spamexperts.net;1
449;crmvpaap.gov.br;;0
450;crmvrn.gov.br;mx.b.locaweb.com.br,mx.core.locaweb.com.br,mx.a.locaweb.com.br,mx.jk.locaweb.com.br;1
451;crmvrs.gov.br;mx.emailsecurityonline.com.br;1
452;crmvsc.gov.br;mail.crmvsc.gov.br;1
453;crmvsp.gov.br;mx.b.locaweb.com.br,mx.core.locaweb.com.br,mx.a.locaweb.com.br,mx.jk.locaweb.com.br;1
454;crmvto.gov.br;mx.cfmv.gov.br,mx2.cfmv.gov.br;1
455;cromg.gov.br;aspmx.l.google.com,alt1.aspmx.l.google.com,alt2.aspmx.l.google.com,aspmx2.googlemail.com,aspmx3.googlemail.com;1
456;crq-9.gov.br;mail.crq-9.gov.br;1
457;crq-pr.gov.br;;0
458;crq12.gov.br;aspmx.l.google.com,alt1.aspmx.l.google.com,alt2.aspmx.l.google.com,alt3.aspmx.l.google.com,alt4.aspmx.l.google.com;1
459;crq13.gov.br;aspmx.l.google.com,alt1.aspmx.l.google.com,alt2.aspmx.l.google.com,alt3.aspmx.l.google.com,alt4.aspmx.l.google.com;1
460;crq7.gov.br;antispam.pensomail.com.br;1
461;crq9.gov.br;aspmx.l.google.com,alt1.aspmx.l.google.com,alt2.aspmx.l.google.com,alt3.aspmx.l.google.com,alt4.aspmx.l.google.com;1
462;crqpr.gov.br;;0
463;crqsc.gov.br;aspmx.l.google.com,alt2.aspmx.l.google.com,alt3.aspmx.l.google.com,alt4.aspmx.l.google.com,alt5.aspmx.l.google.com;1
464;crqxx.gov.br;mx.core.locaweb.com.br,mx.a.locaweb.com.br,mx.b.locaweb.com.br,mx.jk.locaweb.com.br;1
465;crt.gov.br;;0
466;crt01.gov.br;aspmx.l.google.com,alt1.aspmx.l.google.com,alt2.aspmx.l.google.com,alt3.aspmx.l.google.com,alt4.aspmx.l.google.com;1
467;crt02.gov.br;aspmx.l.google.com,alt1.aspmx.l.google.com,alt2.aspmx.l.google.com,alt3.aspmx.l.google.com,alt4.aspmx.l.google.com;1
468;crt03.gov.br;aspmx.l.google.com,alt1.aspmx.l.google.com,alt2.aspmx.l.google.com,alt3.aspmx.l.google.com,alt4.aspmx.l.google.com;1
469;crtes.gov.br;aspmx.l.google.com,alt1.aspmx.l.google.com,alt2.aspmx.l.google.com,alt3.aspmx.l.google.com,alt4.aspmx.l.google.com;1
470;crtmg.gov.br;mx-vip-01.uni5.net,mx-vip-02.uni5.net;1
471;crtr01.gov.br;mx.b.locaweb.com.br,mx.core.locaweb.com.br,mx.a.locaweb.com.br,mx.jk.locaweb.com.br;1
472;crtr14.gov.br;crtr14-gov-br.mail.protection.outlook.com;1
473;crtr17.gov.br;mx1.ntshs.net,mail.crtr17.gov.br,mx2.ntshs.net;1
474;crtr18.gov.br;mx.b.locaweb.com.br,mx.core.locaweb.com.br,mx.a.locaweb.com.br,mx.jk.locaweb.com.br;1
475;crtr19.gov.br;smtpvin1.f1.k8.com.br;1
476;crtrceara.gov.br;mx.core.locaweb.com.br,mx.a.locaweb.com.br,mx.b.locaweb.com.br,mx.jk.locaweb.com.br;1
477;crtrj.gov.br;aspmx.l.google.com,alt1.aspmx.l.google.com,alt2.aspmx.l.google.com,alt3.aspmx.l.google.com,alt4.aspmx.l.google.com;1
478;crtrpe.gov.br;mail.crtrpe.gov.br;1
479;crtrrj.gov.br;antispam2.llevon.com.br,mail.crtrrj.gov.br,h01r12.llevon.com.br;1
480;crtsp.gov.br;mail.crtsp.gov.br;1
481;csjt.gov.br;;0
482;ctac.gov.br;;0
483;ctav.gov.br;;0
484;cti.gov.br;teresopolis.cti.gov.br;1
485;ctir.gov.br;luminol.ctir.gov.br;1
486;cultura.gov.br;cultura-gov-br.mail.protection.outlook.com;1
487;culturaviva.gov.br;;0
488;cvm.gov.br;cvm-gov-br.mail.protection.outlook.com;1
489;d.gov.br;;0
490;dados.gov.br;protection.serpro.gov.br;1
491;data.gov.br;;0
492;dataprev.gov.br;dataprev-gov-br.mail.protection.outlook.com,smtp2.dataprev.gov.br,mailint.dataprev.gov.br;1
493;datasus.gov.br;azulao.datasus.gov.br,falcao.datasus.gov.br;1
494;decea.gov.br;decea-gov-br.mail.protection.outlook.com;1
495;defesa.gov.br;silicio.defesa.gov.br;1
496;defesacivil.gov.br;mx1.defesacivil.gov.br,mx2.defesacivil.gov.br;1
497;defesadoconsumidor.gov.br;defesadoconsumidor-gov-br.mail.protection.outlook.com,piaget00.mj.gov.br;1
498;denatran.gov.br;;0
499;depen.gov.br;;0
500;deputado.gov.br;souzinha1.camara.gov.br,souzinha2.camara.gov.br,souzinha3.camara.gov.br;1
501;desafios.gov.br;;0
502;desaparecidos.gov.br;;0
503;desenrola.gov.br;;0
504;desenvolvimento.gov.br;;0
505;desenvolvimentosocial.gov.br;smtp-serpro01.mds.gov.br,smtp-serpro02.mds.gov.br;1
506;df.gov.br;smtp053.gdfnet.df.gov.br,smtp054.gdfnet.df.gov.br,smtp051.gdfnet.df.gov.br;1
507;dialoga.gov.br;esa01.presidencia.gov.br,esa02.presidencia.gov.br;1
508;dialogabrasil.gov.br;esa01.presidencia.gov.br,esa02.presidencia.gov.br;1
509;diariodajustica.gov.br;;0
510;diesporte.gov.br;;0
511;dinheiroaqui.gov.br;;0
512;dinheiroemcaixa.gov.br;;0
513;dinheiroinstantaneo.gov.br;;0
514;dinheirovivo.gov.br;;0
515;direitosdacrianca.gov.br;;0
516;direitoshumanos.gov.br;mailing.direitoshumanos.gov.br;1
517;disque100.gov.br;;0
518;dj.gov.br;;0
519;dni.gov.br;;0
520;dnit.gov.br;dc02-dnit-mx02.mlicloud.com,dc03-dnit-mx01.mlicloud.com;1
521;dnocs.gov.br;smtp.dnocs.gov.br,webmail.dnocs.gov.br,d01ls029v.dnocs.gov.br;1
522;dnpm-pe.gov.br;dnpm-pe.gov.br;1
523;dnpm.gov.br;dnpm-gov-br.mail.protection.outlook.com;1
524;doacoes.gov.br;;0
525;dominiopublico.gov.br;dominiopublico-gov-br.mail.protection.outlook.com;1
526;dou.gov.br;;0
527;dpf.gov.br;dpf-gov-br.mail.protection.outlook.com;1
528;dpr.gov.br;mailmx.abc.gov.br;1
529;dprf.gov.br;;0
530;dpu.gov.br;;0
531;dte.gov.br;mx01.abin.gov.br,mx02.abin.gov.br;1
532;dtpdf.gov.br;;0
533;duplasena.gov.br;;0
534;e-car.gov.br;;0
535;e-conta.gov.br;;0
536;e-contacaixa.gov.br;;0
537;e-jud.gov.br;;0
538;e-jus.gov.br;;0
539;e-pagamentos.gov.br;;0
540;e-pagamentoscaixa.gov.br;;0
541;e-parana.gov.br;ssmtp002.pr.gov.br,smtp.pr.gov.br;1
542;e-post.gov.br;;0
543;e-sic.gov.br;;0
544;e-stj.gov.br;;0
545;e.gov.br;relayone.serpro.gov.br;1
546;eafmachado.gov.br;email.eafmachado.gov.br;1
547;eafmuz.gov.br;;0
548;eafsombrio.gov.br;mx-caprica.zoneedit.com;1
549;ebndes.gov.br;;0
550;ebserh.gov.br;ebserh-gov-br.mail.protection.outlook.com;1
551;ecobrancacaixa.gov.br;;0
552;economia.gov.br;dc02-economia-mx01.mlicloud.com,dc02-economia-mx02.mlicloud.com,economia-mx-balancer.mlicloud.com;1
553;economizar.gov.br;;0
554;ect.gov.br;;0
555;edemocracia.gov.br;;0
556;educacao.gov.br;educacao-gov-br.mail.protection.outlook.com;1
557;educacion.gov.br;;0
558;education.gov.br;;0
559;edufinanceiranaescola.gov.br;;0
560;eixos.gov.br;;0
561;eleicoes.gov.br;deedee.tse.gov.br,dexter.tse.gov.br;1
562;eletrobras.gov.br;mxa-007a2802.gslb.pphosted.com,mxb-007a2802.gslb.pphosted.com;1
563;eletrofurnas.gov.br;;0
564;eletronorte.gov.br;mxa-007a2802.gslb.pphosted.com,mxb-007a2802.gslb.pphosted.com;1
565;eletronuclear.gov.br;asetn01.eletronuclear.gov.br,asetn02.eletronuclear.gov.br;1
566;eletrosul.gov.br;;0
567;eln.gov.br;mxa-007a2802.gslb.pphosted.com,mxb-007a2802.gslb.pphosted.com;1
568;embrapa.gov.br;;0
569;embratur.gov.br;mx.embratur.gov.br,mx2.embratur.gov.br;1
570;emgea.gov.br;aruba.emgea.gov.br;1
571;emgepron.gov.br;mx1.emgepron.gov.br,mx3.emgepron.gov.br,mx4.emgepron.gov.br;1
572;emprel.gov.br;smtp.google.com;1
573;empresa.gov.br;;0
574;empresasimples.gov.br;;0
575;enamat.gov.br;;0
576;enap.gov.br;enap-gov-br.mail.protection.outlook.com;1
577;enbpar.gov.br;enbpar-gov-br.mail.protection.outlook.com;1
578;enccla.gov.br;;0
579;energiaboavista.gov.br;;0
580;energiabv.gov.br;;0
581;ensaiosclinicos.gov.br;ensaiosclinicos.gov.br;1
582;entespublicos.gov.br;;0
583;environment.gov.br;;0
584;epe.gov.br;;0
585;epl.gov.br;epl-gov-br.mail.protection.outlook.com;1
586;epost.gov.br;;0
587;eproc-pr.gov.br;;0
588;eproc-rs.gov.br;;0
589;eproc-sc.gov.br;;0
590;eproc.gov.br;;0
591;equilibriodecontas.gov.br;;0
592;errec.gov.br;;0
593;es.gov.br;gw1.correio.es.gov.br,gw2.correio.es.gov.br;1
594;esamur.gov.br;;0
595;escoladotrabalhador.gov.br;mailmtb.escoladotrabalhador.gov.br;1
596;escolavirtual.gov.br;;0
597;esd.gov.br;mail.esd.gov.br;1
598;esic.gov.br;;0
599;esmpu.gov.br;;0
600;esocial.gov.br;protection.serpro.gov.br;1
601;esporte.gov.br;esporte-gov-br.mail.protection.outlook.com;1
602;esportiva.gov.br;;0
603;etfc.gov.br;;0
604;eufiscalizo.gov.br;;0
605;eusoumaismedico.gov.br;;0
606;eusoumaismedicos.gov.br;;0
607;evg.gov.br;;0
608;exercito.gov.br;;0
609;expofeiras.gov.br;relay.mdic.gov.br,smtp2.mdic.gov.br;1
610;exportadoresbrasilenos.gov.br;relay.mdic.gov.br,smtp2.mdic.gov.br;1
611;expresso.gov.br;mailscan-in.serpro.gov.br;1
612;fab.gov.br;mail7.fab.gov.br;1
613;faesa-oscip.gov.br;;0
614;faroldodesenvolvimento.gov.br;;0
615;fat.gov.br;mx1.mte.gov.br,mx2.mte.gov.br;1
616;fazenda.gov.br;mte-mx03.mlicloud.com,mte-mx04.mlicloud.com,dc02-economia-mx01.mlicloud.com,dc02-economia-mx02.mlicloud.com;1
617;fbn.gov.br;;0
618;federal.gov.br;;0
619;federalcap.gov.br;;0
620;federalcard.gov.br;;0
621;fgts.gov.br;;0
622;fhdf.gov.br;;0
623;fibge.gov.br;e2c3358fd45147b663d5a538f5f9fb.mail.outlook.com;1
624;finame.gov.br;;0
625;finep.gov.br;finep-gov-br.mail.protection.outlook.com;1
626;fjp.gov.br;;0
627;florestal.gov.br;florestal2023-mail-onmicrosoft-com.mail.protection.outlook.com;1
628;fnde.gov.br;fnde-gov-br.mail.protection.outlook.com;1
629;focco-pb.gov.br;;0
630;foccopb.gov.br;;0
631;fomezero.gov.br;smtp-serpro.mds.gov.br;1
632;fonoaudiologia-1.gov.br;;0
633;fonoaudiologia-rj.gov.br;;0
634;forumpermanente.gov.br;;0
635;forumsipec.gov.br;;0
636;forumsocinfo.gov.br;;0
637;frameworkdemoiselle.gov.br;;0
638;frp.gov.br;;0
639;funag.gov.br;funag-gov-br.mail.protection.outlook.com;1
640;funai.gov.br;funai-gov-br.mail.protection.outlook.com,smtp1.funai.gov.br,smtp2.funai.gov.br,primary.us.email.fireeyecloud.com,alt1.us.email.fireeyecloud.com,alt2.us.email.fireeyecloud.com,alt3.us.email.fireeyecloud.com;1
641;funarte.gov.br;funarte-gov-br.mail.protection.outlook.com;1
642;funasa.gov.br;funasa.in.tmes.trendmicro.com;1
643;fundacentro.gov.br;fundacentro-gov-br.mail.protection.outlook.com;1
644;fundaj.gov.br;aspmx.l.google.com,alt1.aspmx.l.google.com,alt2.aspmx.l.google.com,alt3.aspmx.l.google.com,alt4.aspmx.l.google.com;1
645;fundoamazonia-bndes.gov.br;;0
646;fundoamazonia.gov.br;fundoamazonia-gov-br.mail.protection.outlook.com;1
647;funpresp-exe.gov.br;;0
648;funpresp.gov.br;mx.funpresp.gov.br;1
649;furnas.gov.br;;0
650;g20.gov.br;protection.serpro.gov.br;1
651;gdf.gov.br;smtp053.gdfnet.df.gov.br,smtp054.gdfnet.df.gov.br,smtp051.gdfnet.df.gov.br;1
652;geipot.gov.br;;0
653;gespublica.gov.br;;0
654;gestao.gov.br;mte-mx03.mlicloud.com,mte-mx04.mlicloud.com,dc02-economia-mx01.mlicloud.com,dc02-economia-mx02.mlicloud.com;1
655;gestaoemdestaque.gov.br;;0
656;gestaopublica.gov.br;;0
657;gnre.gov.br;;0
658;go.gov.br;mailinspector-goias.lb.go.gov.br;1
659;goias.gov.br;goias-gov-br.mail.protection.outlook.com,mta1.go.gov.br;1
660;govbankingcaixa.gov.br;;0
661;govdata.gov.br;;0
662;governo.gov.br;esa01.presidencia.gov.br,esa02.presidencia.gov.br;1
663;governodigital.gov.br;;0
664;governoeletronico.gov.br;;0
665;gra.gov.br;protection.serpro.gov.br;1
666;gsi.gov.br;esa01.presidencia.gov.br,esa02.presidencia.gov.br;1
667;guiadeservicos.gov.br;;0
668;guiafacilgps.gov.br;;0
669;hemobras.gov.br;srvwsbrexet01.hemobras.gov.br;1
670;historiaeloucura.gov.br;;0
671;hpiedade.gov.br;;0
672;hrps.gov.br;;0
673;humanizaredes.gov.br;;0
674;ibama.gov.br;ibama-gov-br.mail.protection.outlook.com;1
675;ibc.gov.br;aspmx.l.google.com,alt1.aspmx.l.google.com,alt2.aspmx.l.google.com,alt3.aspmx.l.google.com,alt4.aspmx.l.google.com;1
676;ibge.gov.br;ibge-gov-br.mail.protection.outlook.com;1
677;ibram.gov.br;ibram07.ibram.gov.br;1
678;ic-brazil.gov.br;aspmx.l.google.com,alt1.aspmx.l.google.com,alt2.aspmx.l.google.com,aspmx2.googlemail.com,aspmx3.googlemail.com,aspmx4.googlemail.com,aspmx5.googlemail.com;1
679;icea.gov.br;;0
680;icmbio.gov.br;icmbio-gov-br.mail.protection.outlook.com;1
681;icpbrasil.gov.br;mx.icpbrasil.gov.br,mx.acraiz.gov.br;1
682;iec.gov.br;mail.iec.gov.br;1
683;ien.gov.br;ien-gov-br.mail.protection.outlook.com;1
684;igam.gov.br;;0
685;igualdaderacial.gov.br;mdh.in.tmes.trendmicro.com;1
686;ilbsenado.gov.br;;0
687;imbel.gov.br;relay.eb.mil.br,relay2.eb.mil.br;1
688;imprensanacional.gov.br;;0
689;in.gov.br;;0
690;inb.gov.br;sol-01.inb.gov.br,sol-02.inb.gov.br;1
691;inca.gov.br;smtp.google.com,srvgw02.inca.gov.br;1
692;inclusaodigital.gov.br;;0
693;incra.gov.br;incra-gov-br.mail.protection.outlook.com;1
694;inde.gov.br;inde-gov-br.mail.protection.outlook.com;1
695;industria40.gov.br;;0
696;inep.gov.br;mx01.inep.gov.br,mx02.inep.gov.br,relay.inep.gov.br;1
697;ines.gov.br;aspmx.l.google.com,alt1.aspmx.l.google.com,alt2.aspmx.l.google.com,alt3.aspmx.l.google.com,alt4.aspmx.l.google.com;1
698;info.gov.br;;0
699;infoconsumo.gov.br;;0
700;infojus.gov.br;;0
701;informacao.gov.br;;0
702;informacaoecidadania.gov.br;;0
703;infoseg.gov.br;piaget00.mj.gov.br,piaget.mj.gov.br,maine.mj.gov.br;1
704;infra-estruturabrasil.gov.br;;0
705;infraero.gov.br;mail.infraero.gov.br;1
706;infraestrutura.gov.br;;0
707;infraestruturabrasil.gov.br;;0
708;infrasa.gov.br;infrasa-gov-br.mail.protection.outlook.com;1
709;infrastructurebrazil.gov.br;;0
710;inma.gov.br;aspmx.l.google.com,alt1.aspmx.l.google.com,alt2.aspmx.l.google.com,alt3.aspmx.l.google.com,alt4.aspmx.l.google.com;1
711;inmet.gov.br;inmet-gov-br.mail.protection.outlook.com;1
712;inmetro.gov.br;ksmg.inmetro.gov.br;1
713;inmetrogo.gov.br;ksmg.inmetrogo.gov.br;1
714;inova.gov.br;;0
715;inpa.gov.br;mailserver.inpa.gov.br;1
716;inpi.gov.br;smtp.inpi.gov.br;1
717;inpp.gov.br;aspmx.l.google.com,alt1.aspmx.l.google.com,alt2.aspmx.l.google.com,alt3.aspmx.l.google.com,alt4.aspmx.l.google.com;1
718;insa.gov.br;aspmx.l.google.com,alt1.aspmx.l.google.com,alt2.aspmx.l.google.com,alt3.aspmx.l.google.com,alt4.aspmx.l.google.com;1
719;inss.gov.br;inss-gov-br.mail.protection.outlook.com;1
720;instantanea.gov.br;;0
721;institutochicomendes.gov.br;mailscan-in.serpro.gov.br;1
722;institutodamataatlantica.gov.br;aspmx.l.google.com,alt1.aspmx.l.google.com,alt2.aspmx.l.google.com,alt3.aspmx.l.google.com,alt4.aspmx.l.google.com;1
723;int.gov.br;dcse-23.int.gov.br;1
724;integracao.gov.br;integracao-gov-br.mail.protection.outlook.com;1
725;interlegis.gov.br;naumailmtain1.interlegis.leg.br,naumailmtain2.interlegis.leg.br,naumailmtain3.interlegis.leg.br;1
726;intervencaofederalrj.gov.br;;0
727;investcaixa.gov.br;;0
728;investecaixa.gov.br;;0
729;investexportbrasil.gov.br;;0
730;investexportbrazil.gov.br;;0
731;investidor.gov.br;;0
732;investidoresinstitucionais.gov.br;;0
733;investinbrazil.gov.br;;0
734;invexbrasil.gov.br;;0
735;ipardes.gov.br;ssmtp002.pr.gov.br,ssmtp003.pr.gov.br,smtp.pr.gov.br;1
736;ipea.gov.br;ipea-gov-br.mail.protection.outlook.com;1
737;ipeadata.gov.br;mailmaster4.ipea.gov.br;1
738;iphan.gov.br;iphan-gov-br.mail.protection.outlook.com;1
739;ipp.gov.br;;0
740;ipsm.gov.br;ipsm-gov-br.mail.protection.outlook.com;1
741;irb-brasilre.gov.br;caxias.irbbrasilre.com,tijuca.irbbrasilre.com;1
742;irb.gov.br;caxias.irbbrasilre.com,tijuca.irbbrasilre.com;1
743;irbbrasilre.gov.br;caxias.irbbrasilre.com,tijuca.irbbrasilre.com;1
744;ird.gov.br;ird-gov-br.mail.protection.outlook.com;1
745;itaipu.gov.br;itaipu-gov-br.mail.protection.outlook.com;1
746;itamaraty.gov.br;itamaraty-gov-br.mail.protection.outlook.com;1
747;iti.gov.br;iti-gov-br.mail.protection.outlook.com;1
748;jbrj.gov.br;aspmx.l.google.com,alt1.aspmx.l.google.com,alt2.aspmx.l.google.com,alt3.aspmx.l.google.com,alt4.aspmx.l.google.com;1
749;jef-pr.gov.br;;0
750;jef-rs.gov.br;;0
751;jef-sc.gov.br;;0
752;jf.gov.br;;0
753;jfal.gov.br;;0
754;jfce.gov.br;jfce-gov-br.mail.protection.outlook.com;1
755;jfceara.gov.br;;0
756;jfes.gov.br;mail.jfes.gov.br;1
757;jfms.gov.br;;0
758;jfpb.gov.br;;0
759;jfpe.gov.br;;0
760;jfpr.gov.br;;0
761;jfrj.gov.br;mx.jfrj.jus.br,mx.trf2.jus.br;1
762;jfrn.gov.br;ironport.jfrn.gov.br;1
763;jfrs.gov.br;mx1.jfrs.gov.br,mx2.jfrs.gov.br;1
764;jfsc.gov.br;;0
765;jfse.gov.br;;0
766;jfsp.gov.br;;0
767;jt.gov.br;;0
768;justica.gov.br;;0
769;justicadotrabalho.gov.br;;0
770;justicaeleitoral.gov.br;;0
771;justicafederal.gov.br;mx.justicafederal.gov.br;1
772;justra.gov.br;;0
773;juventude.gov.br;;0
774;labcluster.gov.br;;0
775;lai.gov.br;;0
776;lexml.gov.br;;0
777;linea.gov.br;;0
778;logisticabrasil.gov.br;;0
779;logisticsbrazil.gov.br;;0
780;lojacaixa.gov.br;;0
781;loteca.gov.br;;0
782;loteriaesportiva.gov.br;;0
783;loteriafederal.gov.br;;0
784;loterias.gov.br;;0
785;loteriascaixa.gov.br;;0
786;loto-tauloteriadacopa.gov.br;;0
787;lotofacil.gov.br;;0
788;lotomania.gov.br;;0
789;ma.gov.br;mx1.srvmail.ma.gov.br;1
790;maismedico.gov.br;;0
791;maismedicos.gov.br;maismedicos-gov-br.mail.protection.outlook.com;1
792;manausenergia.gov.br;;0
793;maranhao.gov.br;;0
794;marinha.gov.br;;0
795;mb.gov.br;;0
796;mcom.gov.br;mcom-gov-br.mail.protection.outlook.com;1
797;mcti.gov.br;mcti-gov-br.mail.protection.outlook.com;1
798;mctic.gov.br;mx1.mctic.gov.br,mx2.mctic.gov.br;1
799;mda.gov.br;cluster1.us.messagelabs.com,cluster1a.us.messagelabs.com;1
800;mdh.gov.br;mdh.in.tmes.trendmicro.com;1
801;mdic.gov.br;mte-mx03.mlicloud.com,mte-mx04.mlicloud.com,dc02-economia-mx01.mlicloud.com,dc02-economia-mx02.mlicloud.com;1
802;mdr.gov.br;mdr-gov-br.mail.protection.outlook.com;1
803;mds.gov.br;mds-gov-br.mail.protection.outlook.com;1
804;mec.gov.br;mec-gov-br.mail.protection.outlook.com;1
805;mega-sena.gov.br;;0
806;megasena.gov.br;;0
807;memoriabndes.gov.br;;0
808;memoriasreveladas.gov.br;;0
809;memp.gov.br;mte-mx03.mlicloud.com,mte-mx04.mlicloud.com,dc02-economia-mx01.mlicloud.com,dc02-economia-mx02.mlicloud.com;1
810;mercadopublico.gov.br;;0
811;mercosul.gov.br;;0
812;mestradoprofissional.gov.br;mailmaster4.ipea.gov.br;1
813;metrobh.gov.br;;0
814;meufuturoseguro.gov.br;;0
815;mg.gov.br;mx1.antispammg.mg.gov.br,mx2.antispammg.mg.gov.br,mx3.antispammg.mg.gov.br;1
816;mi.gov.br;mx1.mi.gov.br,mx2.mi.gov.br;1
817;microepequenaempresa.gov.br;;0
818;migrantes.gov.br;maine.mj.gov.br,piaget.mj.gov.br;1
819;ministeriopublicodf.gov.br;;0
820;mj.gov.br;mj-gov-br.mail.protection.outlook.com;1
821;mls.gov.br;mx.core.locaweb.com.br,mx.a.locaweb.com.br,mx.b.locaweb.com.br,mx.jk.locaweb.com.br;1
822;mma.gov.br;mma-gov-br.mail.protection.outlook.com,mail01.mma.gov.br,mail.mma.gov.br;1
823;mme.gov.br;correio2.mme.gov.br,mail.mme.gov.br;1
824;mnba.gov.br;;0
825;monumenta.gov.br;;0
826;mp-df.gov.br;;0
827;mp.gov.br;;0
828;mpa.gov.br;cluster1.us.messagelabs.com,cluster1a.us.messagelabs.com;1
829;mpdf.gov.br;;0
830;mpdft.gov.br;;0
831;mpes.gov.br;smtp01.mpes.gov.br;1
832;mpf.gov.br;smtp1.mpu.gov.br,smtp2.mpu.gov.br;1
833;mpm.gov.br;;0
834;mpor.gov.br;mpor-gov-br.mail.protection.outlook.com;1
835;mps.gov.br;cioba.previdencia.gov.br;1
836;mpt.gov.br;;0
837;mpu.gov.br;smtp1.mpu.mp.br,smtp2.mpu.mp.br;1
838;mre.gov.br;mailmx.mre.gov.br;1
839;ms.gov.br;snwl.ms.gov.br;1
840;msp.gov.br;piaget00.mj.gov.br;1
841;mt.gov.br;aspmx.l.google.com,alt1.aspmx.l.google.com,alt2.aspmx.l.google.com,alt3.aspmx.l.google.com,alt4.aspmx.l.google.com;1
842;mte.gov.br;mte-mx03.mlicloud.com,mte-mx04.mlicloud.com,dc02-economia-mx01.mlicloud.com,dc02-economia-mx02.mlicloud.com;1
843;mtecbo.gov.br;;0
844;mtp.gov.br;mte-mx03.mlicloud.com,mte-mx04.mlicloud.com,dc02-economia-mx01.mlicloud.com,dc02-economia-mx02.mlicloud.com;1
845;mtps.gov.br;mx1.mte.gov.br,mx2.mte.gov.br;1
846;mtur.gov.br;;0
847;mulheres.gov.br;mdh.in.tmes.trendmicro.com;1
848;mulhergoverno.gov.br;;0
849;museudainconfidencia.gov.br;;0
850;museudebiologiamelloleitao.gov.br;mx.a.locaweb.com.br,mx.b.locaweb.com.br,mx.jk.locaweb.com.br;1
851;museudoindio.gov.br;museudoindio-gov-br.mail.protection.outlook.com;1
852;museus.gov.br;museus-gov-br.mail.protection.outlook.com;1
853;navbrasil.gov.br;navbrasil-gov-br.mail.protection.outlook.com;1
854;nbr.gov.br;smtp1.nbr.gov.br;1
855;netgoverno.gov.br;;0
856;netminas.gov.br;;0
857;nfse.gov.br;;0
858;niteroi-artes.gov.br;mail.niteroi-artes.gov.br;1
859;nordestedigital.gov.br;;0
860;nordesteeletronico.gov.br;;0
861;nordestenegocios.gov.br;;0
862;normas.gov.br;;0
863;noticias.gov.br;;0
864;novoaeroportorecife.gov.br;;0
865;nuclebras.gov.br;srvras.nuclebras.gov.br;1
866;nuclep.gov.br;nuclep-gov-br.mail.protection.outlook.com;1
867;nuvem.gov.br;;0
868;obrasnet.gov.br;;0
869;observatorioapl.gov.br;jacaranda.apps.ibict.br;1
870;observatoriodegenero.gov.br;;0
871;oconsumidor.gov.br;;0
872;odmbrasil.gov.br;;0
873;odsbrasil.gov.br;;0
874;officebankingsocial.gov.br;;0
875;opeixeeaartedepescar.gov.br;;0
876;orcamento.gov.br;;0
877;orcamentofederal.gov.br;;0
878;ouvidoria.gov.br;;0
879;ouvidoriadoservidor.gov.br;;0
880;ouvidorias.gov.br;;0
881;pa.gov.br;colab-antispam-01.pa.gov.br,colab-antispam-02.pa.gov.br,colab-antispam-03.pa.gov.br;1
882;pac.gov.br;;0
883;pactointegrador.gov.br;;0
884;paineis.gov.br;;0
885;palmares.gov.br;webmail.palmares.gov.br,mx1.palmares.gov.br,mx2.palmares.gov.br,mx3.palmares.gov.br;1
886;parana.gov.br;;0
887;paranaeleitoral.gov.br;;0
888;participa.gov.br;esa01.presidencia.gov.br,esa02.presidencia.gov.br;1
889;participabrasil.gov.br;;0
890;patriavoluntaria.gov.br;;0
891;patrimoniodetodos.gov.br;;0
892;pb.gov.br;mx1.pb.gov.br,mx2.pb.gov.br;1
893;pbh.gov.br;aspmx.l.google.com,alt1.aspmx.l.google.com,alt2.aspmx.l.google.com,aspmx2.googlemail.com,aspmx3.googlemail.com,aspmx4.googlemail.com,aspmx5.googlemail.com;1
894;pe.gov.br;asmail.peconectado.pe.gov.br;1
895;pen.gov.br;;0
896;pensesimples.gov.br;;0
897;pernambuco.gov.br;;0
898;pesquisa.gov.br;;0
899;pessoacomdeficiencia.gov.br;;0
900;peticaoeletronica.gov.br;;0
901;petrobras.gov.br;;0
902;pf.gov.br;pf-gov-br.mail.protection.outlook.com;1
903;pgfn.gov.br;aspmx.l.google.com,alt1.aspmx.l.google.com,alt2.aspmx.l.google.com,alt3.aspmx.l.google.com,alt4.aspmx.l.google.com;1
904;pgi.gov.br;;0
905;pgr.gov.br;;0
906;pi.gov.br;zmta.pi.gov.br;1
907;pimentalonga.gov.br;;0
908;planalto.gov.br;esa01.presidencia.gov.br,esa02.presidencia.gov.br;1
909;planejamento.gov.br;mte-mx03.mlicloud.com,mte-mx04.mlicloud.com,dc02-economia-mx01.mlicloud.com,dc02-economia-mx02.mlicloud.com;1
910;planejamentoterritorial.gov.br;;0
911;planobrasil.gov.br;;0
912;plataformamaisbrasil.gov.br;;0
913;plenarinho.gov.br;souzinha1.camara.gov.br,souzinha2.camara.gov.br,souzinha3.camara.gov.br;1
914;pmss.gov.br;;0
915;pncp.gov.br;;0
916;policiafederal.gov.br;;0
917;portal.gov.br;protection.serpro.gov.br;1
918;portalbrasil.gov.br;;0
919;portalchina.gov.br;;0
920;portalcofen.gov.br;;0
921;portalconsular.gov.br;;0
922;portalcoren-rs.gov.br;aspmx.l.google.com,alt1.aspmx.l.google.com,alt2.aspmx.l.google.com,alt3.aspmx.l.google.com,alt4.aspmx.l.google.com;1
923;portaldajustica.gov.br;;0
924;portaldasaguas.gov.br;sucuri.snisb.gov.br,bonito.snisb.gov.br;1
925;portaldatransparencia.gov.br;;0
926;portaldoconsumidor.gov.br;mailmx2.portaldoconsumidor.gov.br;1
927;portaldoempreendedor.gov.br;;0
928;portaldoinvestidor.gov.br;;0
929;portalfederativo.gov.br;;0
930;portalgoverno.gov.br;;0
931;portaljt.gov.br;;0
932;portalmaisbrasil.gov.br;;0
933;portalpadrao.gov.br;;0
934;portalpamse.gov.br;;0
935;portalsiscomex.gov.br;;0
936;portaltransparencia.gov.br;;0
937;portodesantos.gov.br;portodesantos-gov-br.mail.protection.outlook.com;1
938;portodevitoria.gov.br;portodevitoria.gov.br;1
939;portosempapel.gov.br;;0
940;portosrio.gov.br;portosrio-gov-br.mail.protection.outlook.com;1
941;postal.gov.br;;0
942;povosindigenas.gov.br;mte-mx03.mlicloud.com,mte-mx04.mlicloud.com,dc02-economia-mx01.mlicloud.com,dc02-economia-mx02.mlicloud.com;1
943;ppi.gov.br;;0
944;ppsa.gov.br;ppsa-gov-br.mail.protection.outlook.com;1
945;pr.gov.br;smtp01.pr.gov.br,smtp02.pr.gov.br,smtp03.pr.gov.br,smtp04.pr.gov.br,smtp05.pr.gov.br;1
946;pracasdopac.gov.br;;0
947;prap.gov.br;;0
948;premio-e.gov.br;;0
949;premioconservacaoenergia.gov.br;mx1.hc5664-24.iphmx.com,mx2.hc5664-24.iphmx.com;1
950;preps.gov.br;;0
951;presalpetroleo.gov.br;presalpetroleo-gov-br.mail.protection.outlook.com;1
952;presidencia.gov.br;esa01.presidencia.gov.br,esa02.presidencia.gov.br;1
953;previc.gov.br;previc-gov-br.mail.protection.outlook.com;1
954;previdencia.gov.br;mte-mx03.mlicloud.com,mte-mx04.mlicloud.com,dc02-economia-mx01.mlicloud.com,dc02-economia-mx02.mlicloud.com;1
955;previdenciasocial.gov.br;;0
956;prf.gov.br;aspmx.l.google.com,alt1.aspmx.l.google.com,alt2.aspmx.l.google.com,alt3.aspmx.l.google.com,alt4.aspmx.l.google.com;1
957;procel.gov.br;;0
958;processoeletronico.gov.br;;0
959;processoeletroniconacional.gov.br;;0
960;prodeb.gov.br;prodeb-gov-br.mail.protection.outlook.com;1
961;prodemge.gov.br;mx3.antispammg.mg.gov.br,mx2.antispammg.mg.gov.br,mx1.antispammg.mg.gov.br;1
962;prodepa.gov.br;colab-antispam-01.pa.gov.br,colab-antispam-02.pa.gov.br,colab-antispam-03.pa.gov.br;1
963;programaarpa.gov.br;;0
964;proinfa.gov.br;;0
965;proinfo.gov.br;;0
966;projetobrasilmunicipios.gov.br;;0
967;projetocrescer.gov.br;;0
968;projud.gov.br;;0
969;promocaocomercial.gov.br;;0
970;protegeer.gov.br;;0
971;protocolo.gov.br;;0
972;protocolointegrado.gov.br;;0
973;prove.gov.br;prove.gov.br;1
974;prr4.gov.br;;0
975;prsc.gov.br;;0
976;prt16.gov.br;;0
977;prt21.gov.br;;0
978;prt3.gov.br;;0
979;prt4.gov.br;;0
980;prt6.gov.br;;0
981;prt8.gov.br;;0
982;publicgovernance.gov.br;;0
983;purn.gov.br;;0
984;quina.gov.br;;0
985;quiosque.gov.br;;0
986;quiosqueredegoverno.gov.br;;0
987;radiobras.gov.br;;0
988;radiocamara.gov.br;;0
989;radiojustica.gov.br;;0
990;rais.gov.br;;0
991;rap.gov.br;;0
992;rapidinha.gov.br;;0
993;raspadinhadacaixa.gov.br;;0
994;raspadinhafederal.gov.br;;0
995;rb.gov.br;protection.serpro.gov.br;1
996;rbmlq.gov.br;ksmg.inmetro.rs.gov.br;1
997;recadastramento.gov.br;;0
998;receita.gov.br;;0
999;receitafederal.gov.br;;0
1000;rede.gov.br;;0
1001;redebrasildigital.gov.br;;0
1002;redecidadao.gov.br;;0
1003;redecontrole.gov.br;redecontrole-gov-br.mail.protection.outlook.com;1
1004;rededecontrole.gov.br;rededecontrole-gov-br.mail.protection.outlook.com;1
1005;rededoesporte.gov.br;email.esporte.gov.br,email3.esporte.gov.br;1
1006;rededojudiciario.gov.br;;0
1007;rededopoderjudiciario.gov.br;;0
1008;redefloresta.gov.br;;0
1009;redegoverno.gov.br;protection.serpro.gov.br;1
1010;redejudiciario.gov.br;;0
1011;redesim.gov.br;;0
1012;redesimples.gov.br;;0
1013;redesocial.gov.br;;0
1014;reformapostal.gov.br;;0
1015;regulacao.gov.br;;0
1016;relacoesexteriores.gov.br;;0
1017;reluz.gov.br;;0
1018;reuse.gov.br;;0
1019;rexp.gov.br;;0
1020;rfb.gov.br;rfb-gov-br.mail.protection.outlook.com;1
1021;rffsa.gov.br;;0
1022;rio.gov.br;mx1.rio.gov.br;1
1023;rio20.gov.br;;0
1024;riocmsi.gov.br;mailscan-in.serpro.gov.br;1
1025;rj.gov.br;mx2.webmail.rj.gov.br;1
1026;rn.gov.br;;0
1027;rni.gov.br;;0
1028;ro.gov.br;;0
1029;rpp.gov.br;;0
1030;rr.gov.br;mail.rr.gov.br;1
1031;rrc.gov.br;;0
1032;rs.gov.br;mxsec.direto.procergs.rs.gov.br,mxsec2.direto.procergs.rs.gov.br,mxsec3.direto.procergs.rs.gov.br,mxsec4.direto.procergs.rs.gov.br;1
1033;ruralminas.gov.br;;0
1034;saude.gov.br;cluster1.us.messagelabs.com,cluster1a.us.messagelabs.com;1
1035;sc.gov.br;aspmx.l.google.com,alt1.aspmx.l.google.com,alt2.aspmx.l.google.com,aspmx2.googlemail.com,aspmx3.googlemail.com;1
1036;scdp.gov.br;;0
1037;scnet.gov.br;;0
1038;sdh.gov.br;;0
1039;se.gov.br;mxs3.se.gov.br,mxs4.se.gov.br,mxs5.se.gov.br;1
1040;seade.gov.br;seade-gov-br.mail.protection.outlook.com;1
1041;secgeral.gov.br;esa01.presidencia.gov.br,esa02.presidencia.gov.br;1
1042;secom.gov.br;;0
1043;secretaria-geral.gov.br;esa01.presidencia.gov.br,esa02.presidencia.gov.br;1
1044;secretariadegoverno.gov.br;esa01.presidencia.gov.br,esa02.presidencia.gov.br;1
1045;secretariageral.gov.br;esa01.presidencia.gov.br,esa02.presidencia.gov.br;1
1046;sedh.gov.br;amobika.sdh.gov.br;1
1047;segov.gov.br;esa01.presidencia.gov.br,esa02.presidencia.gov.br;1
1048;seguranca.gov.br;piaget00.mj.gov.br;1
1049;sei.gov.br;;0
1050;seiatos.gov.br;;0
1051;selic.gov.br;;0
1052;seliganacaixa.gov.br;;0
1053;semanaenef.gov.br;;0
1054;sembarreiras.gov.br;relay.mdic.gov.br,smtp2.mdic.gov.br;1
1055;seminariobrasildigital.gov.br;;0
1056;sena.gov.br;;0
1057;senad.gov.br;senad-gov-br.mail.protection.outlook.com;1
1058;senado.gov.br;senado-gov-br.mail.protection.outlook.com;1
1059;senador.gov.br;senador-gov-br.mail.protection.outlook.com;1
1060;senadora.gov.br;senadora-gov-br.mail.protection.outlook.com;1
1061;senasp.gov.br;;0
1062;seppir.gov.br;;0
1063;serpro.gov.br;protection.serpro.gov.br;1
1064;serprolabs.gov.br;;0
1065;servicos.gov.br;protection.serpro.gov.br;1
1066;servidor.gov.br;;0
1067;servir.gov.br;;0
1068;seti.gov.br;smtp.seti.gov.br;1
1069;sg.gov.br;esa01.presidencia.gov.br,esa02.presidencia.gov.br;1
1070;sgb.gov.br;aspmx.l.google.com,alt1.aspmx.l.google.com,alt2.aspmx.l.google.com,alt3.aspmx.l.google.com,alt4.aspmx.l.google.com;1
1071;sgi.gov.br;;0
1072;sgov.gov.br;esa01.presidencia.gov.br,esa02.presidencia.gov.br;1
1073;shoppingcaixa.gov.br;;0
1074;siapenet.gov.br;;0
1075;sibbr.gov.br;tyrion.lncc.br;1
1076;sic.gov.br;;0
1077;siga.gov.br;;0
1078;sigabrasil.gov.br;;0
1079;sigepe.gov.br;;0
1080;sigplan.gov.br;sigplan.planejamento.gov.br;1
1081;simecpr.gov.br;;0
1082;simples.gov.br;;0
1083;sinesp.gov.br;protection.serpro.gov.br;1
1084;sinir.gov.br;;0
1085;sintegra.gov.br;mx.via-rs.com.br,mxbkp.via-rs.com.br;1
1086;siop.gov.br;;0
1087;siorg.gov.br;;0
1088;sipam.gov.br;sipam-gov-br.mail.protection.outlook.com;1
1089;sipia.gov.br;;0
1090;sirc.gov.br;mx.sirc.gov.br;1
1091;sisbacen.gov.br;;0
1092;sisbin.gov.br;;0
1093;siscomex.gov.br;protection.serpro.gov.br;1
1094;sisgen.gov.br;;0
1095;sisp.gov.br;mx.zoho.com,mx2.zoho.com,mx3.zoho.com;1
1096;sispac.gov.br;;0
1097;sistema.gov.br;;0
1098;sitedoconsumidor.gov.br;;0
1099;sivnet.gov.br;;0
1100;sjrs.gov.br;;0
1101;smpe.gov.br;;0
1102;snirh.gov.br;mail.snirh.gov.br;1
1103;snis.gov.br;;0
1104;snisb.gov.br;sucuri.snisb.gov.br,bonito.snisb.gov.br;1
1105;snj.gov.br;;0
1106;softwarelivre.gov.br;;0
1107;softwarepublico.gov.br;;0
1108;solucoestipublica.gov.br;;0
1109;somostodosbrasil.gov.br;;0
1110;soumaismedico.gov.br;;0
1111;soumaismedicos.gov.br;;0
1112;sp-trt.gov.br;;0
1113;sp.gov.br;sp-gov-br.mail.protection.outlook.com;1
1114;spm.gov.br;amobika.mdh.gov.br;1
1115;sptrt.gov.br;;0
1116;startuppoint.gov.br;relay.mdic.gov.br,smtp2.mdic.gov.br;1
1117;stf.gov.br;;0
1118;stfnet.gov.br;;0
1119;stj.gov.br;;0
1120;stm.gov.br;;0
1121;stn.gov.br;stn-gov-br.mail.protection.outlook.com;1
1122;sudam.gov.br;sudam-gov-br.mail.protection.outlook.com;1
1123;sudeco.gov.br;sudeco-gov-br.mail.protection.outlook.com;1
1124;sudene.gov.br;sudene-gov-br.mail.protection.outlook.com;1
1125;suframa.gov.br;suframa-gov-br.mail.protection.outlook.com;1
1126;super.gov.br;;0
1127;supercaminhaodasorte.gov.br;;0
1128;supersenaduplachance.gov.br;;0
1129;supertec.gov.br;relay.mdic.gov.br,smtp2.mdic.gov.br;1
1130;supertrinca.gov.br;;0
1131;sus.gov.br;mail.sus.gov.br;1
1132;susep.gov.br;susep-gov-br.mail.protection.outlook.com;1
1133;taxigov.gov.br;protection.serpro.gov.br;1
1134;taxigov2.gov.br;;0
1135;tcu.gov.br;tcu-gov-br.mail.protection.outlook.com;1
1136;tecanet.gov.br;;0
1137;tecnojusc.gov.br;;0
1138;teimozinha.gov.br;;0
1139;telepar.gov.br;;0
1140;telesc.gov.br;;0
1141;terraclass.gov.br;;0
1142;tesouro.gov.br;tesouro-gov-br.mail.protection.outlook.com;1
1143;tesourodireto.gov.br;;0
1144;tesourotransparente.gov.br;;0
1145;ticontrole.gov.br;ticontrole-gov-br.mail.protection.outlook.com;1
1146;titcb.gov.br;;0
1147;tjap.gov.br;;0
1148;tjmg.gov.br;smtp.google.com;1
1149;tjpe.gov.br;;0
1150;tjrn.gov.br;;0
1151;to.gov.br;smtp.to.gov.br;1
1152;topawa-kaa.gov.br;;0
1153;torcidalegal.gov.br;;0
1154;trabalho.gov.br;mte-mx03.mlicloud.com,mte-mx04.mlicloud.com,dc02-economia-mx01.mlicloud.com,dc02-economia-mx02.mlicloud.com;1
1155;tradeandinvestment.gov.br;;0
1156;tradepromotion.gov.br;;0
1157;traficodepessoas.gov.br;;0
1158;transparencia.gov.br;;0
1159;transparencianacopa.gov.br;;0
1160;transparenciapublica.gov.br;;0
1161;transportes.gov.br;transportes-gov-br.mail.protection.outlook.com;1
1162;tre-ac.gov.br;;0
1163;tre-al.gov.br;;0
1164;tre-am.gov.br;;0
1165;tre-ap.gov.br;;0
1166;tre-ba.gov.br;;0
1167;tre-ce.gov.br;;0
1168;tre-df.gov.br;aspmx.l.google.com,alt1.aspmx.l.google.com,alt2.aspmx.l.google.com,alt3.aspmx.l.google.com,alt4.aspmx.l.google.com;1
1169;tre-es.gov.br;trees-gov-br0i.mail.protection.outlook.com;1
1170;tre-go.gov.br;;0
1171;tre-ma.gov.br;;0
1172;tre-mg.gov.br;;0
1173;tre-ms.gov.br;;0
1174;tre-mt.gov.br;tremt-gov-br0i.mail.protection.outlook.com;1
1175;tre-pa.gov.br;aspmx.l.google.com,alt1.aspmx.l.google.com,alt2.aspmx.l.google.com,alt3.aspmx.l.google.com,alt4.aspmx.l.google.com;1
1176;tre-pb.gov.br;;0
1177;tre-pe.gov.br;;0
1178;tre-pi.gov.br;;0
1179;tre-pr.gov.br;;0
1180;tre-rj.gov.br;mail01.tre-rj.gov.br;1
1181;tre-rn.gov.br;;0
1182;tre-ro.gov.br;;0
1183;tre-rr.gov.br;;0
1184;tre-rs.gov.br;;0
1185;tre-sc.gov.br;;0
1186;tre-se.gov.br;;0
1187;tre-sp.gov.br;;0
1188;tre-to.gov.br;;0
1189;trensurb.gov.br;smtp-a.trensurb.gov.br,smtp-b.trensurb.gov.br;1
1190;trevodaloteria.gov.br;;0
1191;trevodasorte.gov.br;;0
1192;trevofederal.gov.br;;0
1193;trf1.gov.br;;0
1194;trf2.gov.br;mx.jfrj.jus.br,mx.trf2.jus.br;1
1195;trf3.gov.br;;0
1196;trf4.gov.br;;0
1197;trf5.gov.br;;0
1198;tribunaiscplp.gov.br;;0
1199;tribunaisdotrabalho.gov.br;;0
1200;trinca.gov.br;;0
1201;trincadasorte.gov.br;;0
1202;trinka.gov.br;;0
1203;trt-02.gov.br;;0
1204;trt-ma.gov.br;;0
1205;trt-pe.gov.br;;0
1206;trt-sp.gov.br;;0
1207;trt.gov.br;vm-z-mail.trt.gov.br;1
1208;trt01.gov.br;;0
1209;trt02.gov.br;;0
1210;trt05.gov.br;;0
1211;trt10.gov.br;;0
1212;trt11.gov.br;;0
1213;trt12.gov.br;aspmx.l.google.com,alt1.aspmx.l.google.com,alt2.aspmx.l.google.com,aspmx2.googlemail.com,aspmx3.googlemail.com;1
1214;trt13.gov.br;;0
1215;trt14.gov.br;;0
1216;trt15.gov.br;;0
1217;trt16.gov.br;aspmx.l.google.com,alt1.aspmx.l.google.com,alt2.aspmx.l.google.com,alt3.aspmx.l.google.com,alt4.aspmx.l.google.com;1
1218;trt17.gov.br;;0
1219;trt18.gov.br;;0
1220;trt19.gov.br;;0
1221;trt2.gov.br;;0
1222;trt20.gov.br;;0
1223;trt21.gov.br;;0
1224;trt22.gov.br;;0
1225;trt23.gov.br;mail.trt23.gov.br,mail2.trt23.jus.br;1
1226;trt24.gov.br;;0
1227;trt3.gov.br;;0
1228;trt4.gov.br;;0
1229;trt6.gov.br;aspmx.l.google.com,alt1.aspmx.l.google.com,alt2.aspmx.l.google.com,aspmx2.googlemail.com,aspmx3.googlemail.com;1
1230;trt7.gov.br;;0
1231;trt9.gov.br;;0
1232;trtes.gov.br;;0
1233;trtms.gov.br;;0
1234;trtrio.gov.br;aspmx.l.google.com,alt1.aspmx.l.google.com,alt2.aspmx.l.google.com,aspmx2.googlemail.com,aspmx3.googlemail.com;1
1235;trtsp.gov.br;;0
1236;trtwap.gov.br;;0
1237;tse.gov.br;;0
1238;tst.gov.br;;0
1239;turismo.gov.br;turismo-gov-br.mail.protection.outlook.com;1
1240;turismoacessivel.gov.br;;0
1241;turismobrasil.gov.br;;0
1242;tvjustica.gov.br;;0
1243;uca.gov.br;;0
1244;unasus.gov.br;unasus-gov-br.mail.protection.outlook.com;1
1245;unijus.gov.br;;0
1246;valec.gov.br;valec-gov-br.mail.protection.outlook.com;1
1247;varadafazenda.gov.br;;0
1248;venturecapital.gov.br;mx.venturecapital.gov.br;1
1249;veracruz-rs.gov.br;veracruz-rs.gov.br;1
1250;versionamento.gov.br;;0
1251;viajamais.gov.br;;0
1252;vice-presidencia.gov.br;;0
1253;vicepresidenciadarepublica.gov.br;;0
1254;vidadacrianca.gov.br;alpha.planalto.gov.br;1
1255;vidaedinheiro.gov.br;;0
1256;viibra.gov.br;;0
1257;vispublica.gov.br;;0
1258;vitrinedoexportador.gov.br;relay.mdic.gov.br,smtp2.mdic.gov.br;1
1259;vivaleitura.gov.br;;0
1260;vlibras.gov.br;;0
1261;vls.gov.br;;0
1262;voz.gov.br;smtp1.nbr.gov.br;1
1263;vozdobrasil.gov.br;smtp01.radiobras.gov.br,smtp02.radiobras.gov.br;1
1264;webambiente.gov.br;;0
1265;wikilegis.gov.br;;0
1266;www.gov.br;;0
1267;xn--avanar-zua.gov.br;;0
1268;xn--doaes-0ra2h.gov.br;;0
1269;xn--guiadeservios-sgb.gov.br;;0
1270;xn--notcias-9ya.gov.br;;0
1271;xn--oramentofederal-fmb.gov.br;;0
1272;xn--previdncia-r7a.gov.br;mte-mx03.mlicloud.com,mte-mx04.mlicloud.com,dc02-economia-mx01.mlicloud.com,dc02-economia-mx02.mlicloud.com;1
1273;xn--previdnciasocial-xqb.gov.br;;0
